benchmark,instance,verdict,wall_s,timeout_s,p_filter,lp_solver,p_min,p_max,threshold,n_disjuncts,error,timestamp
cifar100_2024,CIFAR100_resnet_medium.onnx+CIFAR100_resnet_medium_prop_idx_7641_sidx_1041_eps_0.0039.vnnlib,NOT_APPLICABLE,4.23,100,0.0,gurobi,,,0.001,0,load_onnx_network AssertionError: AssertionError,2026-05-06T00:18:48.127117+00:00
cifar100_2024,CIFAR100_resnet_medium.onnx+CIFAR100_resnet_medium_prop_idx_2132_sidx_6868_eps_0.0039.vnnlib,NOT_APPLICABLE,4.34,100,0.0,gurobi,,,0.001,0,load_onnx_network AssertionError: AssertionError,2026-05-06T00:18:56.555097+00:00
cifar100_2024,CIFAR100_resnet_medium.onnx+CIFAR100_resnet_medium_prop_idx_6232_sidx_3020_eps_0.0039.vnnlib,NOT_APPLICABLE,4.20,100,0.0,gurobi,,,0.001,0,load_onnx_network AssertionError: AssertionError,2026-05-06T00:19:04.731700+00:00
cifar100_2024,CIFAR100_resnet_medium.onnx+CIFAR100_resnet_medium_prop_idx_9694_sidx_2810_eps_0.0039.vnnlib,NOT_APPLICABLE,4.15,100,0.0,gurobi,,,0.001,0,load_onnx_network AssertionError: AssertionError,2026-05-06T00:19:12.829209+00:00
cifar100_2024,CIFAR100_resnet_medium.onnx+CIFAR100_resnet_medium_prop_idx_4760_sidx_4651_eps_0.0039.vnnlib,NOT_APPLICABLE,4.14,100,0.0,gurobi,,,0.001,0,load_onnx_network AssertionError: AssertionError,2026-05-06T00:19:20.921607+00:00
cifar100_2024,CIFAR100_resnet_medium.onnx+CIFAR100_resnet_medium_prop_idx_6135_sidx_4586_eps_0.0039.vnnlib,NOT_APPLICABLE,4.24,100,0.0,gurobi,,,0.001,0,load_onnx_network AssertionError: AssertionError,2026-05-06T00:19:29.225691+00:00
cifar100_2024,CIFAR100_resnet_medium.onnx+CIFAR100_resnet_medium_prop_idx_4921_sidx_3617_eps_0.0039.vnnlib,NOT_APPLICABLE,4.14,100,0.0,gurobi,,,0.001,0,load_onnx_network AssertionError: AssertionError,2026-05-06T00:19:37.468095+00:00
cifar100_2024,CIFAR100_resnet_medium.onnx+CIFAR100_resnet_medium_prop_idx_5242_sidx_1208_eps_0.0039.vnnlib,NOT_APPLICABLE,4.14,100,0.0,gurobi,,,0.001,0,load_onnx_network AssertionError: AssertionError,2026-05-06T00:19:45.586950+00:00
cifar100_2024,CIFAR100_resnet_medium.onnx+CIFAR100_resnet_medium_prop_idx_2176_sidx_3285_eps_0.0039.vnnlib,NOT_APPLICABLE,4.28,100,0.0,gurobi,,,0.001,0,load_onnx_network AssertionError: AssertionError,2026-05-06T00:19:54.004381+00:00
cifar100_2024,CIFAR100_resnet_medium.onnx+CIFAR100_resnet_medium_prop_idx_8762_sidx_3374_eps_0.0039.vnnlib,NOT_APPLICABLE,4.10,100,0.0,gurobi,,,0.001,0,load_onnx_network AssertionError: AssertionError,2026-05-06T00:20:02.198026+00:00
cifar100_2024,CIFAR100_resnet_medium.onnx+CIFAR100_resnet_medium_prop_idx_7704_sidx_3701_eps_0.0039.vnnlib,NOT_APPLICABLE,4.15,100,0.0,gurobi,,,0.001,0,load_onnx_network AssertionError: AssertionError,2026-05-06T00:20:10.440556+00:00
cifar100_2024,CIFAR100_resnet_medium.onnx+CIFAR100_resnet_medium_prop_idx_4752_sidx_1800_eps_0.0039.vnnlib,NOT_APPLICABLE,4.21,100,0.0,gurobi,,,0.001,0,load_onnx_network AssertionError: AssertionError,2026-05-06T00:20:18.989024+00:00
cifar100_2024,CIFAR100_resnet_medium.onnx+CIFAR100_resnet_medium_prop_idx_6415_sidx_4543_eps_0.0039.vnnlib,NOT_APPLICABLE,4.14,100,0.0,gurobi,,,0.001,0,load_onnx_network AssertionError: AssertionError,2026-05-06T00:20:27.097985+00:00
cifar100_2024,CIFAR100_resnet_medium.onnx+CIFAR100_resnet_medium_prop_idx_2477_sidx_388_eps_0.0039.vnnlib,NOT_APPLICABLE,4.25,100,0.0,gurobi,,,0.001,0,load_onnx_network AssertionError: AssertionError,2026-05-06T00:20:35.430518+00:00
cifar100_2024,CIFAR100_resnet_medium.onnx+CIFAR100_resnet_medium_prop_idx_6553_sidx_7265_eps_0.0039.vnnlib,NOT_APPLICABLE,4.23,100,0.0,gurobi,,,0.001,0,load_onnx_network AssertionError: AssertionError,2026-05-06T00:20:43.758466+00:00
cifar100_2024,CIFAR100_resnet_medium.onnx+CIFAR100_resnet_medium_prop_idx_8600_sidx_2721_eps_0.0039.vnnlib,NOT_APPLICABLE,4.27,100,0.0,gurobi,,,0.001,0,load_onnx_network AssertionError: AssertionError,2026-05-06T00:20:52.254012+00:00
cifar100_2024,CIFAR100_resnet_medium.onnx+CIFAR100_resnet_medium_prop_idx_7258_sidx_3539_eps_0.0039.vnnlib,NOT_APPLICABLE,4.12,100,0.0,gurobi,,,0.001,0,load_onnx_network AssertionError: AssertionError,2026-05-06T00:21:00.470436+00:00
cifar100_2024,CIFAR100_resnet_medium.onnx+CIFAR100_resnet_medium_prop_idx_6659_sidx_4583_eps_0.0039.vnnlib,NOT_APPLICABLE,4.13,100,0.0,gurobi,,,0.001,0,load_onnx_network AssertionError: AssertionError,2026-05-06T00:21:08.550285+00:00
cifar100_2024,CIFAR100_resnet_medium.onnx+CIFAR100_resnet_medium_prop_idx_885_sidx_7654_eps_0.0039.vnnlib,NOT_APPLICABLE,4.13,100,0.0,gurobi,,,0.001,0,load_onnx_network AssertionError: AssertionError,2026-05-06T00:21:16.628542+00:00
cifar100_2024,CIFAR100_resnet_medium.onnx+CIFAR100_resnet_medium_prop_idx_3006_sidx_928_eps_0.0039.vnnlib,NOT_APPLICABLE,4.12,100,0.0,gurobi,,,0.001,0,load_onnx_network AssertionError: AssertionError,2026-05-06T00:21:24.690043+00:00
cifar100_2024,CIFAR100_resnet_medium.onnx+CIFAR100_resnet_medium_prop_idx_1588_sidx_6654_eps_0.0039.vnnlib,NOT_APPLICABLE,4.32,100,0.0,gurobi,,,0.001,0,load_onnx_network AssertionError: AssertionError,2026-05-06T00:21:32.963030+00:00
cifar100_2024,CIFAR100_resnet_medium.onnx+CIFAR100_resnet_medium_prop_idx_8594_sidx_5815_eps_0.0039.vnnlib,NOT_APPLICABLE,4.34,100,0.0,gurobi,,,0.001,0,load_onnx_network AssertionError: AssertionError,2026-05-06T00:21:41.240179+00:00
cifar100_2024,CIFAR100_resnet_medium.onnx+CIFAR100_resnet_medium_prop_idx_9658_sidx_1660_eps_0.0039.vnnlib,NOT_APPLICABLE,4.23,100,0.0,gurobi,,,0.001,0,load_onnx_network AssertionError: AssertionError,2026-05-06T00:21:49.533800+00:00
cifar100_2024,CIFAR100_resnet_medium.onnx+CIFAR100_resnet_medium_prop_idx_8505_sidx_1690_eps_0.0039.vnnlib,NOT_APPLICABLE,4.14,100,0.0,gurobi,,,0.001,0,load_onnx_network AssertionError: AssertionError,2026-05-06T00:21:57.708856+00:00
cifar100_2024,CIFAR100_resnet_medium.onnx+CIFAR100_resnet_medium_prop_idx_8945_sidx_3584_eps_0.0039.vnnlib,NOT_APPLICABLE,4.11,100,0.0,gurobi,,,0.001,0,load_onnx_network AssertionError: AssertionError,2026-05-06T00:22:05.770523+00:00
cifar100_2024,CIFAR100_resnet_medium.onnx+CIFAR100_resnet_medium_prop_idx_6585_sidx_533_eps_0.0039.vnnlib,NOT_APPLICABLE,4.24,100,0.0,gurobi,,,0.001,0,load_onnx_network AssertionError: AssertionError,2026-05-06T00:22:14.068961+00:00
cifar100_2024,CIFAR100_resnet_medium.onnx+CIFAR100_resnet_medium_prop_idx_6573_sidx_5525_eps_0.0039.vnnlib,NOT_APPLICABLE,4.14,100,0.0,gurobi,,,0.001,0,load_onnx_network AssertionError: AssertionError,2026-05-06T00:22:22.136164+00:00
cifar100_2024,CIFAR100_resnet_medium.onnx+CIFAR100_resnet_medium_prop_idx_8619_sidx_4461_eps_0.0039.vnnlib,NOT_APPLICABLE,4.13,100,0.0,gurobi,,,0.001,0,load_onnx_network AssertionError: AssertionError,2026-05-06T00:22:30.208007+00:00
cifar100_2024,CIFAR100_resnet_medium.onnx+CIFAR100_resnet_medium_prop_idx_54_sidx_9735_eps_0.0039.vnnlib,NOT_APPLICABLE,4.15,100,0.0,gurobi,,,0.001,0,load_onnx_network AssertionError: AssertionError,2026-05-06T00:22:38.297764+00:00
cifar100_2024,CIFAR100_resnet_medium.onnx+CIFAR100_resnet_medium_prop_idx_4429_sidx_1471_eps_0.0039.vnnlib,NOT_APPLICABLE,4.42,100,0.0,gurobi,,,0.001,0,load_onnx_network AssertionError: AssertionError,2026-05-06T00:22:46.669977+00:00
cifar100_2024,CIFAR100_resnet_medium.onnx+CIFAR100_resnet_medium_prop_idx_1190_sidx_8846_eps_0.0039.vnnlib,NOT_APPLICABLE,4.24,100,0.0,gurobi,,,0.001,0,load_onnx_network AssertionError: AssertionError,2026-05-06T00:22:54.954388+00:00
cifar100_2024,CIFAR100_resnet_medium.onnx+CIFAR100_resnet_medium_prop_idx_7569_sidx_2906_eps_0.0039.vnnlib,NOT_APPLICABLE,4.14,100,0.0,gurobi,,,0.001,0,load_onnx_network AssertionError: AssertionError,2026-05-06T00:23:03.122343+00:00
cifar100_2024,CIFAR100_resnet_medium.onnx+CIFAR100_resnet_medium_prop_idx_9897_sidx_9124_eps_0.0039.vnnlib,NOT_APPLICABLE,4.24,100,0.0,gurobi,,,0.001,0,load_onnx_network AssertionError: AssertionError,2026-05-06T00:23:11.454753+00:00
cifar100_2024,CIFAR100_resnet_medium.onnx+CIFAR100_resnet_medium_prop_idx_5831_sidx_5506_eps_0.0039.vnnlib,NOT_APPLICABLE,4.13,100,0.0,gurobi,,,0.001,0,load_onnx_network AssertionError: AssertionError,2026-05-06T00:23:19.642555+00:00
cifar100_2024,CIFAR100_resnet_medium.onnx+CIFAR100_resnet_medium_prop_idx_4169_sidx_9758_eps_0.0039.vnnlib,NOT_APPLICABLE,4.14,100,0.0,gurobi,,,0.001,0,load_onnx_network AssertionError: AssertionError,2026-05-06T00:23:27.859658+00:00
cifar100_2024,CIFAR100_resnet_medium.onnx+CIFAR100_resnet_medium_prop_idx_8196_sidx_3864_eps_0.0039.vnnlib,NOT_APPLICABLE,4.33,100,0.0,gurobi,,,0.001,0,load_onnx_network AssertionError: AssertionError,2026-05-06T00:23:36.240896+00:00
cifar100_2024,CIFAR100_resnet_medium.onnx+CIFAR100_resnet_medium_prop_idx_6583_sidx_8860_eps_0.0039.vnnlib,NOT_APPLICABLE,4.35,100,0.0,gurobi,,,0.001,0,load_onnx_network AssertionError: AssertionError,2026-05-06T00:23:44.675207+00:00
cifar100_2024,CIFAR100_resnet_medium.onnx+CIFAR100_resnet_medium_prop_idx_8523_sidx_9936_eps_0.0039.vnnlib,NOT_APPLICABLE,4.24,100,0.0,gurobi,,,0.001,0,load_onnx_network AssertionError: AssertionError,2026-05-06T00:23:52.936527+00:00
cifar100_2024,CIFAR100_resnet_medium.onnx+CIFAR100_resnet_medium_prop_idx_3418_sidx_4225_eps_0.0039.vnnlib,NOT_APPLICABLE,4.23,100,0.0,gurobi,,,0.001,0,load_onnx_network AssertionError: AssertionError,2026-05-06T00:24:01.247096+00:00
cifar100_2024,CIFAR100_resnet_medium.onnx+CIFAR100_resnet_medium_prop_idx_7431_sidx_7329_eps_0.0039.vnnlib,NOT_APPLICABLE,4.41,100,0.0,gurobi,,,0.001,0,load_onnx_network AssertionError: AssertionError,2026-05-06T00:24:09.695434+00:00
cifar100_2024,CIFAR100_resnet_medium.onnx+CIFAR100_resnet_medium_prop_idx_6010_sidx_5369_eps_0.0039.vnnlib,NOT_APPLICABLE,4.14,100,0.0,gurobi,,,0.001,0,load_onnx_network AssertionError: AssertionError,2026-05-06T00:24:17.937799+00:00
cifar100_2024,CIFAR100_resnet_medium.onnx+CIFAR100_resnet_medium_prop_idx_5127_sidx_993_eps_0.0039.vnnlib,NOT_APPLICABLE,4.14,100,0.0,gurobi,,,0.001,0,load_onnx_network AssertionError: AssertionError,2026-05-06T00:24:26.037072+00:00
cifar100_2024,CIFAR100_resnet_medium.onnx+CIFAR100_resnet_medium_prop_idx_6263_sidx_7644_eps_0.0039.vnnlib,NOT_APPLICABLE,4.14,100,0.0,gurobi,,,0.001,0,load_onnx_network AssertionError: AssertionError,2026-05-06T00:24:34.198555+00:00
cifar100_2024,CIFAR100_resnet_medium.onnx+CIFAR100_resnet_medium_prop_idx_5001_sidx_1154_eps_0.0039.vnnlib,NOT_APPLICABLE,4.37,100,0.0,gurobi,,,0.001,0,load_onnx_network AssertionError: AssertionError,2026-05-06T00:24:42.580093+00:00
cifar100_2024,CIFAR100_resnet_medium.onnx+CIFAR100_resnet_medium_prop_idx_4597_sidx_282_eps_0.0039.vnnlib,NOT_APPLICABLE,4.15,100,0.0,gurobi,,,0.001,0,load_onnx_network AssertionError: AssertionError,2026-05-06T00:24:50.749085+00:00
cifar100_2024,CIFAR100_resnet_medium.onnx+CIFAR100_resnet_medium_prop_idx_3184_sidx_9092_eps_0.0039.vnnlib,NOT_APPLICABLE,4.23,100,0.0,gurobi,,,0.001,0,load_onnx_network AssertionError: AssertionError,2026-05-06T00:24:59.084895+00:00
cifar100_2024,CIFAR100_resnet_medium.onnx+CIFAR100_resnet_medium_prop_idx_3343_sidx_1406_eps_0.0039.vnnlib,NOT_APPLICABLE,4.25,100,0.0,gurobi,,,0.001,0,load_onnx_network AssertionError: AssertionError,2026-05-06T00:25:07.468786+00:00
cifar100_2024,CIFAR100_resnet_medium.onnx+CIFAR100_resnet_medium_prop_idx_8330_sidx_7593_eps_0.0039.vnnlib,NOT_APPLICABLE,4.23,100,0.0,gurobi,,,0.001,0,load_onnx_network AssertionError: AssertionError,2026-05-06T00:25:15.833579+00:00
cifar100_2024,CIFAR100_resnet_medium.onnx+CIFAR100_resnet_medium_prop_idx_5634_sidx_9441_eps_0.0039.vnnlib,NOT_APPLICABLE,4.14,100,0.0,gurobi,,,0.001,0,load_onnx_network AssertionError: AssertionError,2026-05-06T00:25:23.966336+00:00
cifar100_2024,CIFAR100_resnet_medium.onnx+CIFAR100_resnet_medium_prop_idx_7478_sidx_6593_eps_0.0039.vnnlib,NOT_APPLICABLE,4.14,100,0.0,gurobi,,,0.001,0,load_onnx_network AssertionError: AssertionError,2026-05-06T00:25:32.143990+00:00
cifar100_2024,CIFAR100_resnet_medium.onnx+CIFAR100_resnet_medium_prop_idx_913_sidx_2404_eps_0.0039.vnnlib,NOT_APPLICABLE,4.13,100,0.0,gurobi,,,0.001,0,load_onnx_network AssertionError: AssertionError,2026-05-06T00:25:40.292166+00:00
cifar100_2024,CIFAR100_resnet_medium.onnx+CIFAR100_resnet_medium_prop_idx_1761_sidx_3933_eps_0.0039.vnnlib,NOT_APPLICABLE,4.14,100,0.0,gurobi,,,0.001,0,load_onnx_network AssertionError: AssertionError,2026-05-06T00:25:48.456161+00:00
cifar100_2024,CIFAR100_resnet_medium.onnx+CIFAR100_resnet_medium_prop_idx_1798_sidx_1061_eps_0.0039.vnnlib,NOT_APPLICABLE,4.10,100,0.0,gurobi,,,0.001,0,load_onnx_network AssertionError: AssertionError,2026-05-06T00:25:56.592998+00:00
cifar100_2024,CIFAR100_resnet_medium.onnx+CIFAR100_resnet_medium_prop_idx_8450_sidx_9332_eps_0.0039.vnnlib,NOT_APPLICABLE,4.40,100,0.0,gurobi,,,0.001,0,load_onnx_network AssertionError: AssertionError,2026-05-06T00:26:05.150210+00:00
cifar100_2024,CIFAR100_resnet_medium.onnx+CIFAR100_resnet_medium_prop_idx_1592_sidx_3741_eps_0.0039.vnnlib,NOT_APPLICABLE,4.16,100,0.0,gurobi,,,0.001,0,load_onnx_network AssertionError: AssertionError,2026-05-06T00:26:13.545392+00:00
cifar100_2024,CIFAR100_resnet_medium.onnx+CIFAR100_resnet_medium_prop_idx_230_sidx_1968_eps_0.0039.vnnlib,NOT_APPLICABLE,4.34,100,0.0,gurobi,,,0.001,0,load_onnx_network AssertionError: AssertionError,2026-05-06T00:26:22.015888+00:00
cifar100_2024,CIFAR100_resnet_medium.onnx+CIFAR100_resnet_medium_prop_idx_5791_sidx_5659_eps_0.0039.vnnlib,NOT_APPLICABLE,4.16,100,0.0,gurobi,,,0.001,0,load_onnx_network AssertionError: AssertionError,2026-05-06T00:26:30.195916+00:00
cifar100_2024,CIFAR100_resnet_medium.onnx+CIFAR100_resnet_medium_prop_idx_4475_sidx_752_eps_0.0039.vnnlib,NOT_APPLICABLE,4.14,100,0.0,gurobi,,,0.001,0,load_onnx_network AssertionError: AssertionError,2026-05-06T00:26:38.352181+00:00
cifar100_2024,CIFAR100_resnet_medium.onnx+CIFAR100_resnet_medium_prop_idx_3247_sidx_1605_eps_0.0039.vnnlib,NOT_APPLICABLE,4.12,100,0.0,gurobi,,,0.001,0,load_onnx_network AssertionError: AssertionError,2026-05-06T00:26:46.499338+00:00
cifar100_2024,CIFAR100_resnet_medium.onnx+CIFAR100_resnet_medium_prop_idx_2557_sidx_6196_eps_0.0039.vnnlib,NOT_APPLICABLE,4.13,100,0.0,gurobi,,,0.001,0,load_onnx_network AssertionError: AssertionError,2026-05-06T00:26:54.661501+00:00
cifar100_2024,CIFAR100_resnet_medium.onnx+CIFAR100_resnet_medium_prop_idx_4191_sidx_3301_eps_0.0039.vnnlib,NOT_APPLICABLE,4.15,100,0.0,gurobi,,,0.001,0,load_onnx_network AssertionError: AssertionError,2026-05-06T00:27:02.835475+00:00
cifar100_2024,CIFAR100_resnet_medium.onnx+CIFAR100_resnet_medium_prop_idx_2697_sidx_4836_eps_0.0039.vnnlib,NOT_APPLICABLE,4.38,100,0.0,gurobi,,,0.001,0,load_onnx_network AssertionError: AssertionError,2026-05-06T00:27:11.309081+00:00
cifar100_2024,CIFAR100_resnet_medium.onnx+CIFAR100_resnet_medium_prop_idx_9665_sidx_9074_eps_0.0039.vnnlib,NOT_APPLICABLE,4.14,100,0.0,gurobi,,,0.001,0,load_onnx_network AssertionError: AssertionError,2026-05-06T00:27:19.458199+00:00
cifar100_2024,CIFAR100_resnet_medium.onnx+CIFAR100_resnet_medium_prop_idx_9518_sidx_9183_eps_0.0039.vnnlib,NOT_APPLICABLE,4.23,100,0.0,gurobi,,,0.001,0,load_onnx_network AssertionError: AssertionError,2026-05-06T00:27:27.788536+00:00
cifar100_2024,CIFAR100_resnet_medium.onnx+CIFAR100_resnet_medium_prop_idx_5973_sidx_7841_eps_0.0039.vnnlib,NOT_APPLICABLE,4.16,100,0.0,gurobi,,,0.001,0,load_onnx_network AssertionError: AssertionError,2026-05-06T00:27:35.933693+00:00
cifar100_2024,CIFAR100_resnet_medium.onnx+CIFAR100_resnet_medium_prop_idx_9845_sidx_200_eps_0.0039.vnnlib,NOT_APPLICABLE,4.10,100,0.0,gurobi,,,0.001,0,load_onnx_network AssertionError: AssertionError,2026-05-06T00:27:44.046389+00:00
cifar100_2024,CIFAR100_resnet_medium.onnx+CIFAR100_resnet_medium_prop_idx_2779_sidx_6416_eps_0.0039.vnnlib,NOT_APPLICABLE,4.13,100,0.0,gurobi,,,0.001,0,load_onnx_network AssertionError: AssertionError,2026-05-06T00:27:52.183050+00:00
cifar100_2024,CIFAR100_resnet_medium.onnx+CIFAR100_resnet_medium_prop_idx_6292_sidx_5430_eps_0.0039.vnnlib,NOT_APPLICABLE,4.14,100,0.0,gurobi,,,0.001,0,load_onnx_network AssertionError: AssertionError,2026-05-06T00:28:00.362126+00:00
cifar100_2024,CIFAR100_resnet_medium.onnx+CIFAR100_resnet_medium_prop_idx_8642_sidx_9095_eps_0.0039.vnnlib,NOT_APPLICABLE,4.49,100,0.0,gurobi,,,0.001,0,load_onnx_network AssertionError: AssertionError,2026-05-06T00:28:08.963735+00:00
cifar100_2024,CIFAR100_resnet_medium.onnx+CIFAR100_resnet_medium_prop_idx_6049_sidx_4719_eps_0.0039.vnnlib,NOT_APPLICABLE,4.15,100,0.0,gurobi,,,0.001,0,load_onnx_network AssertionError: AssertionError,2026-05-06T00:28:17.131999+00:00
cifar100_2024,CIFAR100_resnet_medium.onnx+CIFAR100_resnet_medium_prop_idx_8739_sidx_1540_eps_0.0039.vnnlib,NOT_APPLICABLE,4.14,100,0.0,gurobi,,,0.001,0,load_onnx_network AssertionError: AssertionError,2026-05-06T00:28:25.293064+00:00
cifar100_2024,CIFAR100_resnet_medium.onnx+CIFAR100_resnet_medium_prop_idx_7034_sidx_4129_eps_0.0039.vnnlib,NOT_APPLICABLE,4.42,100,0.0,gurobi,,,0.001,0,load_onnx_network AssertionError: AssertionError,2026-05-06T00:28:33.733817+00:00
cifar100_2024,CIFAR100_resnet_medium.onnx+CIFAR100_resnet_medium_prop_idx_1498_sidx_792_eps_0.0039.vnnlib,NOT_APPLICABLE,4.27,100,0.0,gurobi,,,0.001,0,load_onnx_network AssertionError: AssertionError,2026-05-06T00:28:42.227249+00:00
cifar100_2024,CIFAR100_resnet_medium.onnx+CIFAR100_resnet_medium_prop_idx_3898_sidx_9109_eps_0.0039.vnnlib,NOT_APPLICABLE,4.23,100,0.0,gurobi,,,0.001,0,load_onnx_network AssertionError: AssertionError,2026-05-06T00:28:50.498153+00:00
cifar100_2024,CIFAR100_resnet_medium.onnx+CIFAR100_resnet_medium_prop_idx_854_sidx_6893_eps_0.0039.vnnlib,NOT_APPLICABLE,4.22,100,0.0,gurobi,,,0.001,0,load_onnx_network AssertionError: AssertionError,2026-05-06T00:28:58.785073+00:00
cifar100_2024,CIFAR100_resnet_medium.onnx+CIFAR100_resnet_medium_prop_idx_9502_sidx_7197_eps_0.0039.vnnlib,NOT_APPLICABLE,4.34,100,0.0,gurobi,,,0.001,0,load_onnx_network AssertionError: AssertionError,2026-05-06T00:29:07.248949+00:00
cifar100_2024,CIFAR100_resnet_medium.onnx+CIFAR100_resnet_medium_prop_idx_2551_sidx_9941_eps_0.0039.vnnlib,NOT_APPLICABLE,4.23,100,0.0,gurobi,,,0.001,0,load_onnx_network AssertionError: AssertionError,2026-05-06T00:29:15.551944+00:00
cifar100_2024,CIFAR100_resnet_medium.onnx+CIFAR100_resnet_medium_prop_idx_7658_sidx_1537_eps_0.0039.vnnlib,NOT_APPLICABLE,4.14,100,0.0,gurobi,,,0.001,0,load_onnx_network AssertionError: AssertionError,2026-05-06T00:29:23.689077+00:00
cifar100_2024,CIFAR100_resnet_medium.onnx+CIFAR100_resnet_medium_prop_idx_9726_sidx_4400_eps_0.0039.vnnlib,NOT_APPLICABLE,4.24,100,0.0,gurobi,,,0.001,0,load_onnx_network AssertionError: AssertionError,2026-05-06T00:29:32.069989+00:00
cifar100_2024,CIFAR100_resnet_medium.onnx+CIFAR100_resnet_medium_prop_idx_9313_sidx_6462_eps_0.0039.vnnlib,NOT_APPLICABLE,4.14,100,0.0,gurobi,,,0.001,0,load_onnx_network AssertionError: AssertionError,2026-05-06T00:29:40.184606+00:00
cifar100_2024,CIFAR100_resnet_medium.onnx+CIFAR100_resnet_medium_prop_idx_815_sidx_1902_eps_0.0039.vnnlib,NOT_APPLICABLE,4.13,100,0.0,gurobi,,,0.001,0,load_onnx_network AssertionError: AssertionError,2026-05-06T00:29:48.346326+00:00
cifar100_2024,CIFAR100_resnet_medium.onnx+CIFAR100_resnet_medium_prop_idx_6491_sidx_3620_eps_0.0039.vnnlib,NOT_APPLICABLE,4.10,100,0.0,gurobi,,,0.001,0,load_onnx_network AssertionError: AssertionError,2026-05-06T00:29:56.464010+00:00
cifar100_2024,CIFAR100_resnet_medium.onnx+CIFAR100_resnet_medium_prop_idx_4605_sidx_6225_eps_0.0039.vnnlib,NOT_APPLICABLE,4.14,100,0.0,gurobi,,,0.001,0,load_onnx_network AssertionError: AssertionError,2026-05-06T00:30:04.628833+00:00
cifar100_2024,CIFAR100_resnet_medium.onnx+CIFAR100_resnet_medium_prop_idx_2352_sidx_2704_eps_0.0039.vnnlib,NOT_APPLICABLE,4.22,100,0.0,gurobi,,,0.001,0,load_onnx_network AssertionError: AssertionError,2026-05-06T00:30:13.355076+00:00
cifar100_2024,CIFAR100_resnet_medium.onnx+CIFAR100_resnet_medium_prop_idx_1642_sidx_7494_eps_0.0039.vnnlib,NOT_APPLICABLE,4.14,100,0.0,gurobi,,,0.001,0,load_onnx_network AssertionError: AssertionError,2026-05-06T00:30:21.504402+00:00
cifar100_2024,CIFAR100_resnet_medium.onnx+CIFAR100_resnet_medium_prop_idx_8502_sidx_2893_eps_0.0039.vnnlib,NOT_APPLICABLE,4.15,100,0.0,gurobi,,,0.001,0,load_onnx_network AssertionError: AssertionError,2026-05-06T00:30:29.676503+00:00
cifar100_2024,CIFAR100_resnet_medium.onnx+CIFAR100_resnet_medium_prop_idx_4964_sidx_5266_eps_0.0039.vnnlib,NOT_APPLICABLE,4.11,100,0.0,gurobi,,,0.001,0,load_onnx_network AssertionError: AssertionError,2026-05-06T00:30:37.791662+00:00
cifar100_2024,CIFAR100_resnet_medium.onnx+CIFAR100_resnet_medium_prop_idx_6369_sidx_8824_eps_0.0039.vnnlib,NOT_APPLICABLE,4.14,100,0.0,gurobi,,,0.001,0,load_onnx_network AssertionError: AssertionError,2026-05-06T00:30:45.975862+00:00
cifar100_2024,CIFAR100_resnet_medium.onnx+CIFAR100_resnet_medium_prop_idx_966_sidx_2330_eps_0.0039.vnnlib,NOT_APPLICABLE,4.30,100,0.0,gurobi,,,0.001,0,load_onnx_network AssertionError: AssertionError,2026-05-06T00:30:54.399768+00:00
cifar100_2024,CIFAR100_resnet_medium.onnx+CIFAR100_resnet_medium_prop_idx_9162_sidx_4337_eps_0.0039.vnnlib,NOT_APPLICABLE,4.10,100,0.0,gurobi,,,0.001,0,load_onnx_network AssertionError: AssertionError,2026-05-06T00:31:02.489188+00:00
cifar100_2024,CIFAR100_resnet_medium.onnx+CIFAR100_resnet_medium_prop_idx_425_sidx_9099_eps_0.0039.vnnlib,NOT_APPLICABLE,4.27,100,0.0,gurobi,,,0.001,0,load_onnx_network AssertionError: AssertionError,2026-05-06T00:31:10.954772+00:00
cifar100_2024,CIFAR100_resnet_medium.onnx+CIFAR100_resnet_medium_prop_idx_4898_sidx_6695_eps_0.0039.vnnlib,NOT_APPLICABLE,4.10,100,0.0,gurobi,,,0.001,0,load_onnx_network AssertionError: AssertionError,2026-05-06T00:31:19.376995+00:00
cifar100_2024,CIFAR100_resnet_medium.onnx+CIFAR100_resnet_medium_prop_idx_7500_sidx_40_eps_0.0039.vnnlib,NOT_APPLICABLE,4.14,100,0.0,gurobi,,,0.001,0,load_onnx_network AssertionError: AssertionError,2026-05-06T00:31:27.607877+00:00
cifar100_2024,CIFAR100_resnet_medium.onnx+CIFAR100_resnet_medium_prop_idx_7176_sidx_1522_eps_0.0039.vnnlib,NOT_APPLICABLE,4.10,100,0.0,gurobi,,,0.001,0,load_onnx_network AssertionError: AssertionError,2026-05-06T00:31:35.740272+00:00
cifar100_2024,CIFAR100_resnet_medium.onnx+CIFAR100_resnet_medium_prop_idx_2050_sidx_8228_eps_0.0039.vnnlib,NOT_APPLICABLE,4.09,100,0.0,gurobi,,,0.001,0,load_onnx_network AssertionError: AssertionError,2026-05-06T00:31:43.878973+00:00
cifar100_2024,CIFAR100_resnet_medium.onnx+CIFAR100_resnet_medium_prop_idx_7470_sidx_4555_eps_0.0039.vnnlib,NOT_APPLICABLE,4.12,100,0.0,gurobi,,,0.001,0,load_onnx_network AssertionError: AssertionError,2026-05-06T00:31:52.040450+00:00
cifar100_2024,CIFAR100_resnet_medium.onnx+CIFAR100_resnet_medium_prop_idx_5797_sidx_6343_eps_0.0039.vnnlib,NOT_APPLICABLE,4.14,100,0.0,gurobi,,,0.001,0,load_onnx_network AssertionError: AssertionError,2026-05-06T00:32:00.212831+00:00
cifar100_2024,CIFAR100_resnet_medium.onnx+CIFAR100_resnet_medium_prop_idx_5894_sidx_5577_eps_0.0039.vnnlib,NOT_APPLICABLE,4.24,100,0.0,gurobi,,,0.001,0,load_onnx_network AssertionError: AssertionError,2026-05-06T00:32:08.646540+00:00
cifar100_2024,CIFAR100_resnet_medium.onnx+CIFAR100_resnet_medium_prop_idx_3852_sidx_2848_eps_0.0039.vnnlib,NOT_APPLICABLE,4.23,100,0.0,gurobi,,,0.001,0,load_onnx_network AssertionError: AssertionError,2026-05-06T00:32:17.064142+00:00
cifar100_2024,CIFAR100_resnet_medium.onnx+CIFAR100_resnet_medium_prop_idx_2925_sidx_8815_eps_0.0039.vnnlib,NOT_APPLICABLE,4.15,100,0.0,gurobi,,,0.001,0,load_onnx_network AssertionError: AssertionError,2026-05-06T00:32:25.211536+00:00
cifar100_2024,CIFAR100_resnet_large.onnx+CIFAR100_resnet_large_prop_idx_496_sidx_1194_eps_0.0039.vnnlib,NOT_APPLICABLE,4.15,100,0.0,gurobi,,,0.001,0,load_onnx_network AssertionError: AssertionError,2026-05-06T00:32:33.397000+00:00
cifar100_2024,CIFAR100_resnet_large.onnx+CIFAR100_resnet_large_prop_idx_4385_sidx_9116_eps_0.0039.vnnlib,NOT_APPLICABLE,4.15,100,0.0,gurobi,,,0.001,0,load_onnx_network AssertionError: AssertionError,2026-05-06T00:32:41.593949+00:00
cifar100_2024,CIFAR100_resnet_large.onnx+CIFAR100_resnet_large_prop_idx_5308_sidx_1650_eps_0.0039.vnnlib,NOT_APPLICABLE,4.16,100,0.0,gurobi,,,0.001,0,load_onnx_network AssertionError: AssertionError,2026-05-06T00:32:49.764269+00:00
cifar100_2024,CIFAR100_resnet_large.onnx+CIFAR100_resnet_large_prop_idx_4757_sidx_803_eps_0.0039.vnnlib,NOT_APPLICABLE,4.15,100,0.0,gurobi,,,0.001,0,load_onnx_network AssertionError: AssertionError,2026-05-06T00:32:57.943185+00:00
cifar100_2024,CIFAR100_resnet_large.onnx+CIFAR100_resnet_large_prop_idx_4227_sidx_5883_eps_0.0039.vnnlib,NOT_APPLICABLE,4.11,100,0.0,gurobi,,,0.001,0,load_onnx_network AssertionError: AssertionError,2026-05-06T00:33:06.091082+00:00
cifar100_2024,CIFAR100_resnet_large.onnx+CIFAR100_resnet_large_prop_idx_8589_sidx_3105_eps_0.0039.vnnlib,NOT_APPLICABLE,4.15,100,0.0,gurobi,,,0.001,0,load_onnx_network AssertionError: AssertionError,2026-05-06T00:33:14.257577+00:00
cifar100_2024,CIFAR100_resnet_large.onnx+CIFAR100_resnet_large_prop_idx_8476_sidx_3906_eps_0.0039.vnnlib,NOT_APPLICABLE,4.25,100,0.0,gurobi,,,0.001,0,load_onnx_network AssertionError: AssertionError,2026-05-06T00:33:22.596542+00:00
cifar100_2024,CIFAR100_resnet_large.onnx+CIFAR100_resnet_large_prop_idx_1456_sidx_5797_eps_0.0039.vnnlib,NOT_APPLICABLE,4.15,100,0.0,gurobi,,,0.001,0,load_onnx_network AssertionError: AssertionError,2026-05-06T00:33:30.789569+00:00
cifar100_2024,CIFAR100_resnet_large.onnx+CIFAR100_resnet_large_prop_idx_998_sidx_7605_eps_0.0039.vnnlib,NOT_APPLICABLE,4.16,100,0.0,gurobi,,,0.001,0,load_onnx_network AssertionError: AssertionError,2026-05-06T00:33:38.993393+00:00
cifar100_2024,CIFAR100_resnet_large.onnx+CIFAR100_resnet_large_prop_idx_9778_sidx_7516_eps_0.0039.vnnlib,NOT_APPLICABLE,4.25,100,0.0,gurobi,,,0.001,0,load_onnx_network AssertionError: AssertionError,2026-05-06T00:33:47.354388+00:00
cifar100_2024,CIFAR100_resnet_large.onnx+CIFAR100_resnet_large_prop_idx_1063_sidx_7948_eps_0.0039.vnnlib,NOT_APPLICABLE,4.16,100,0.0,gurobi,,,0.001,0,load_onnx_network AssertionError: AssertionError,2026-05-06T00:33:55.586777+00:00
cifar100_2024,CIFAR100_resnet_large.onnx+CIFAR100_resnet_large_prop_idx_1426_sidx_3855_eps_0.0039.vnnlib,NOT_APPLICABLE,4.13,100,0.0,gurobi,,,0.001,0,load_onnx_network AssertionError: AssertionError,2026-05-06T00:34:03.735452+00:00
cifar100_2024,CIFAR100_resnet_large.onnx+CIFAR100_resnet_large_prop_idx_3355_sidx_212_eps_0.0039.vnnlib,NOT_APPLICABLE,4.40,100,0.0,gurobi,,,0.001,0,load_onnx_network AssertionError: AssertionError,2026-05-06T00:34:12.243989+00:00
cifar100_2024,CIFAR100_resnet_large.onnx+CIFAR100_resnet_large_prop_idx_1439_sidx_8354_eps_0.0039.vnnlib,NOT_APPLICABLE,4.14,100,0.0,gurobi,,,0.001,0,load_onnx_network AssertionError: AssertionError,2026-05-06T00:34:20.406206+00:00
cifar100_2024,CIFAR100_resnet_large.onnx+CIFAR100_resnet_large_prop_idx_3585_sidx_3469_eps_0.0039.vnnlib,NOT_APPLICABLE,4.15,100,0.0,gurobi,,,0.001,0,load_onnx_network AssertionError: AssertionError,2026-05-06T00:34:28.564124+00:00
cifar100_2024,CIFAR100_resnet_large.onnx+CIFAR100_resnet_large_prop_idx_2636_sidx_1992_eps_0.0039.vnnlib,NOT_APPLICABLE,4.14,100,0.0,gurobi,,,0.001,0,load_onnx_network AssertionError: AssertionError,2026-05-06T00:34:36.629869+00:00
cifar100_2024,CIFAR100_resnet_large.onnx+CIFAR100_resnet_large_prop_idx_6101_sidx_3593_eps_0.0039.vnnlib,NOT_APPLICABLE,4.23,100,0.0,gurobi,,,0.001,0,load_onnx_network AssertionError: AssertionError,2026-05-06T00:34:44.911504+00:00
cifar100_2024,CIFAR100_resnet_large.onnx+CIFAR100_resnet_large_prop_idx_1059_sidx_6596_eps_0.0039.vnnlib,NOT_APPLICABLE,4.46,100,0.0,gurobi,,,0.001,0,load_onnx_network AssertionError: AssertionError,2026-05-06T00:34:53.424934+00:00
cifar100_2024,CIFAR100_resnet_large.onnx+CIFAR100_resnet_large_prop_idx_9773_sidx_3718_eps_0.0039.vnnlib,NOT_APPLICABLE,4.15,100,0.0,gurobi,,,0.001,0,load_onnx_network AssertionError: AssertionError,2026-05-06T00:35:01.507863+00:00
cifar100_2024,CIFAR100_resnet_large.onnx+CIFAR100_resnet_large_prop_idx_7890_sidx_4421_eps_0.0039.vnnlib,NOT_APPLICABLE,4.26,100,0.0,gurobi,,,0.001,0,load_onnx_network AssertionError: AssertionError,2026-05-06T00:35:10.074269+00:00
cifar100_2024,CIFAR100_resnet_large.onnx+CIFAR100_resnet_large_prop_idx_2993_sidx_2485_eps_0.0039.vnnlib,NOT_APPLICABLE,4.34,100,0.0,gurobi,,,0.001,0,load_onnx_network AssertionError: AssertionError,2026-05-06T00:35:18.686879+00:00
cifar100_2024,CIFAR100_resnet_large.onnx+CIFAR100_resnet_large_prop_idx_1105_sidx_9000_eps_0.0039.vnnlib,NOT_APPLICABLE,4.14,100,0.0,gurobi,,,0.001,0,load_onnx_network AssertionError: AssertionError,2026-05-06T00:35:26.868650+00:00
cifar100_2024,CIFAR100_resnet_large.onnx+CIFAR100_resnet_large_prop_idx_383_sidx_3388_eps_0.0039.vnnlib,NOT_APPLICABLE,4.15,100,0.0,gurobi,,,0.001,0,load_onnx_network AssertionError: AssertionError,2026-05-06T00:35:34.938114+00:00
cifar100_2024,CIFAR100_resnet_large.onnx+CIFAR100_resnet_large_prop_idx_6341_sidx_3142_eps_0.0039.vnnlib,NOT_APPLICABLE,4.11,100,0.0,gurobi,,,0.001,0,load_onnx_network AssertionError: AssertionError,2026-05-06T00:35:42.982919+00:00
cifar100_2024,CIFAR100_resnet_large.onnx+CIFAR100_resnet_large_prop_idx_2132_sidx_6868_eps_0.0039.vnnlib,NOT_APPLICABLE,4.15,100,0.0,gurobi,,,0.001,0,load_onnx_network AssertionError: AssertionError,2026-05-06T00:35:51.092807+00:00
cifar100_2024,CIFAR100_resnet_large.onnx+CIFAR100_resnet_large_prop_idx_3443_sidx_918_eps_0.0039.vnnlib,NOT_APPLICABLE,4.15,100,0.0,gurobi,,,0.001,0,load_onnx_network AssertionError: AssertionError,2026-05-06T00:35:59.179371+00:00
cifar100_2024,CIFAR100_resnet_large.onnx+CIFAR100_resnet_large_prop_idx_8119_sidx_972_eps_0.0039.vnnlib,NOT_APPLICABLE,4.44,100,0.0,gurobi,,,0.001,0,load_onnx_network AssertionError: AssertionError,2026-05-06T00:36:07.567163+00:00
cifar100_2024,CIFAR100_resnet_large.onnx+CIFAR100_resnet_large_prop_idx_484_sidx_161_eps_0.0039.vnnlib,NOT_APPLICABLE,4.15,100,0.0,gurobi,,,0.001,0,load_onnx_network AssertionError: AssertionError,2026-05-06T00:36:15.730420+00:00
cifar100_2024,CIFAR100_resnet_large.onnx+CIFAR100_resnet_large_prop_idx_62_sidx_313_eps_0.0039.vnnlib,NOT_APPLICABLE,4.44,100,0.0,gurobi,,,0.001,0,load_onnx_network AssertionError: AssertionError,2026-05-06T00:36:24.097068+00:00
cifar100_2024,CIFAR100_resnet_large.onnx+CIFAR100_resnet_large_prop_idx_6269_sidx_6873_eps_0.0039.vnnlib,NOT_APPLICABLE,4.29,100,0.0,gurobi,,,0.001,0,load_onnx_network AssertionError: AssertionError,2026-05-06T00:36:32.430211+00:00
cifar100_2024,CIFAR100_resnet_large.onnx+CIFAR100_resnet_large_prop_idx_3703_sidx_3842_eps_0.0039.vnnlib,NOT_APPLICABLE,4.10,100,0.0,gurobi,,,0.001,0,load_onnx_network AssertionError: AssertionError,2026-05-06T00:36:40.541371+00:00
cifar100_2024,CIFAR100_resnet_large.onnx+CIFAR100_resnet_large_prop_idx_2998_sidx_6947_eps_0.0039.vnnlib,NOT_APPLICABLE,4.15,100,0.0,gurobi,,,0.001,0,load_onnx_network AssertionError: AssertionError,2026-05-06T00:36:48.631574+00:00
cifar100_2024,CIFAR100_resnet_large.onnx+CIFAR100_resnet_large_prop_idx_7926_sidx_589_eps_0.0039.vnnlib,NOT_APPLICABLE,4.14,100,0.0,gurobi,,,0.001,0,load_onnx_network AssertionError: AssertionError,2026-05-06T00:36:56.706506+00:00
cifar100_2024,CIFAR100_resnet_large.onnx+CIFAR100_resnet_large_prop_idx_3681_sidx_4987_eps_0.0039.vnnlib,NOT_APPLICABLE,4.14,100,0.0,gurobi,,,0.001,0,load_onnx_network AssertionError: AssertionError,2026-05-06T00:37:04.934096+00:00
cifar100_2024,CIFAR100_resnet_large.onnx+CIFAR100_resnet_large_prop_idx_5410_sidx_2762_eps_0.0039.vnnlib,NOT_APPLICABLE,4.23,100,0.0,gurobi,,,0.001,0,load_onnx_network AssertionError: AssertionError,2026-05-06T00:37:13.271609+00:00
cifar100_2024,CIFAR100_resnet_large.onnx+CIFAR100_resnet_large_prop_idx_1280_sidx_5310_eps_0.0039.vnnlib,NOT_APPLICABLE,4.11,100,0.0,gurobi,,,0.001,0,load_onnx_network AssertionError: AssertionError,2026-05-06T00:37:21.323071+00:00
cifar100_2024,CIFAR100_resnet_large.onnx+CIFAR100_resnet_large_prop_idx_7233_sidx_4318_eps_0.0039.vnnlib,NOT_APPLICABLE,4.26,100,0.0,gurobi,,,0.001,0,load_onnx_network AssertionError: AssertionError,2026-05-06T00:37:29.628427+00:00
cifar100_2024,CIFAR100_resnet_large.onnx+CIFAR100_resnet_large_prop_idx_2724_sidx_6459_eps_0.0039.vnnlib,NOT_APPLICABLE,4.23,100,0.0,gurobi,,,0.001,0,load_onnx_network AssertionError: AssertionError,2026-05-06T00:37:38.025911+00:00
cifar100_2024,CIFAR100_resnet_large.onnx+CIFAR100_resnet_large_prop_idx_3894_sidx_5803_eps_0.0039.vnnlib,NOT_APPLICABLE,4.15,100,0.0,gurobi,,,0.001,0,load_onnx_network AssertionError: AssertionError,2026-05-06T00:37:46.208743+00:00
cifar100_2024,CIFAR100_resnet_large.onnx+CIFAR100_resnet_large_prop_idx_3858_sidx_134_eps_0.0039.vnnlib,NOT_APPLICABLE,4.14,100,0.0,gurobi,,,0.001,0,load_onnx_network AssertionError: AssertionError,2026-05-06T00:37:54.279357+00:00
cifar100_2024,CIFAR100_resnet_large.onnx+CIFAR100_resnet_large_prop_idx_8005_sidx_2582_eps_0.0039.vnnlib,NOT_APPLICABLE,4.14,100,0.0,gurobi,,,0.001,0,load_onnx_network AssertionError: AssertionError,2026-05-06T00:38:02.366327+00:00
cifar100_2024,CIFAR100_resnet_large.onnx+CIFAR100_resnet_large_prop_idx_1298_sidx_33_eps_0.0039.vnnlib,NOT_APPLICABLE,4.19,100,0.0,gurobi,,,0.001,0,load_onnx_network AssertionError: AssertionError,2026-05-06T00:38:10.496807+00:00
cifar100_2024,CIFAR100_resnet_large.onnx+CIFAR100_resnet_large_prop_idx_9935_sidx_75_eps_0.0039.vnnlib,NOT_APPLICABLE,4.12,100,0.0,gurobi,,,0.001,0,load_onnx_network AssertionError: AssertionError,2026-05-06T00:38:18.548704+00:00
cifar100_2024,CIFAR100_resnet_large.onnx+CIFAR100_resnet_large_prop_idx_276_sidx_476_eps_0.0039.vnnlib,NOT_APPLICABLE,4.11,100,0.0,gurobi,,,0.001,0,load_onnx_network AssertionError: AssertionError,2026-05-06T00:38:26.594583+00:00
cifar100_2024,CIFAR100_resnet_large.onnx+CIFAR100_resnet_large_prop_idx_1913_sidx_2767_eps_0.0039.vnnlib,NOT_APPLICABLE,4.10,100,0.0,gurobi,,,0.001,0,load_onnx_network AssertionError: AssertionError,2026-05-06T00:38:34.622053+00:00
cifar100_2024,CIFAR100_resnet_large.onnx+CIFAR100_resnet_large_prop_idx_1309_sidx_8525_eps_0.0039.vnnlib,NOT_APPLICABLE,4.15,100,0.0,gurobi,,,0.001,0,load_onnx_network AssertionError: AssertionError,2026-05-06T00:38:42.704722+00:00
cifar100_2024,CIFAR100_resnet_large.onnx+CIFAR100_resnet_large_prop_idx_4862_sidx_9853_eps_0.0039.vnnlib,NOT_APPLICABLE,4.24,100,0.0,gurobi,,,0.001,0,load_onnx_network AssertionError: AssertionError,2026-05-06T00:38:50.953837+00:00
cifar100_2024,CIFAR100_resnet_large.onnx+CIFAR100_resnet_large_prop_idx_7554_sidx_8201_eps_0.0039.vnnlib,NOT_APPLICABLE,4.12,100,0.0,gurobi,,,0.001,0,load_onnx_network AssertionError: AssertionError,2026-05-06T00:38:59.160552+00:00
cifar100_2024,CIFAR100_resnet_large.onnx+CIFAR100_resnet_large_prop_idx_4571_sidx_3801_eps_0.0039.vnnlib,NOT_APPLICABLE,4.20,100,0.0,gurobi,,,0.001,0,load_onnx_network AssertionError: AssertionError,2026-05-06T00:39:07.308970+00:00
cifar100_2024,CIFAR100_resnet_large.onnx+CIFAR100_resnet_large_prop_idx_5769_sidx_1524_eps_0.0039.vnnlib,NOT_APPLICABLE,4.27,100,0.0,gurobi,,,0.001,0,load_onnx_network AssertionError: AssertionError,2026-05-06T00:39:15.525746+00:00
cifar100_2024,CIFAR100_resnet_large.onnx+CIFAR100_resnet_large_prop_idx_8748_sidx_4804_eps_0.0039.vnnlib,NOT_APPLICABLE,4.15,100,0.0,gurobi,,,0.001,0,load_onnx_network AssertionError: AssertionError,2026-05-06T00:39:23.621189+00:00
cifar100_2024,CIFAR100_resnet_large.onnx+CIFAR100_resnet_large_prop_idx_3950_sidx_4217_eps_0.0039.vnnlib,NOT_APPLICABLE,4.11,100,0.0,gurobi,,,0.001,0,load_onnx_network AssertionError: AssertionError,2026-05-06T00:39:31.662949+00:00
cifar100_2024,CIFAR100_resnet_large.onnx+CIFAR100_resnet_large_prop_idx_7886_sidx_7064_eps_0.0039.vnnlib,NOT_APPLICABLE,4.10,100,0.0,gurobi,,,0.001,0,load_onnx_network AssertionError: AssertionError,2026-05-06T00:39:39.696026+00:00
cifar100_2024,CIFAR100_resnet_large.onnx+CIFAR100_resnet_large_prop_idx_4652_sidx_1371_eps_0.0039.vnnlib,NOT_APPLICABLE,4.33,100,0.0,gurobi,,,0.001,0,load_onnx_network AssertionError: AssertionError,2026-05-06T00:39:47.959690+00:00
cifar100_2024,CIFAR100_resnet_large.onnx+CIFAR100_resnet_large_prop_idx_1938_sidx_6556_eps_0.0039.vnnlib,NOT_APPLICABLE,4.16,100,0.0,gurobi,,,0.001,0,load_onnx_network AssertionError: AssertionError,2026-05-06T00:39:56.051034+00:00
cifar100_2024,CIFAR100_resnet_large.onnx+CIFAR100_resnet_large_prop_idx_8332_sidx_4482_eps_0.0039.vnnlib,NOT_APPLICABLE,4.19,100,0.0,gurobi,,,0.001,0,load_onnx_network AssertionError: AssertionError,2026-05-06T00:40:04.188811+00:00
cifar100_2024,CIFAR100_resnet_large.onnx+CIFAR100_resnet_large_prop_idx_2302_sidx_3657_eps_0.0039.vnnlib,NOT_APPLICABLE,4.17,100,0.0,gurobi,,,0.001,0,load_onnx_network AssertionError: AssertionError,2026-05-06T00:40:12.376563+00:00
cifar100_2024,CIFAR100_resnet_large.onnx+CIFAR100_resnet_large_prop_idx_7104_sidx_9469_eps_0.0039.vnnlib,NOT_APPLICABLE,4.14,100,0.0,gurobi,,,0.001,0,load_onnx_network AssertionError: AssertionError,2026-05-06T00:40:20.455320+00:00
cifar100_2024,CIFAR100_resnet_large.onnx+CIFAR100_resnet_large_prop_idx_2783_sidx_8903_eps_0.0039.vnnlib,NOT_APPLICABLE,4.14,100,0.0,gurobi,,,0.001,0,load_onnx_network AssertionError: AssertionError,2026-05-06T00:40:28.540157+00:00
cifar100_2024,CIFAR100_resnet_large.onnx+CIFAR100_resnet_large_prop_idx_6491_sidx_3620_eps_0.0039.vnnlib,NOT_APPLICABLE,4.14,100,0.0,gurobi,,,0.001,0,load_onnx_network AssertionError: AssertionError,2026-05-06T00:40:36.620139+00:00
cifar100_2024,CIFAR100_resnet_large.onnx+CIFAR100_resnet_large_prop_idx_5162_sidx_8126_eps_0.0039.vnnlib,NOT_APPLICABLE,4.26,100,0.0,gurobi,,,0.001,0,load_onnx_network AssertionError: AssertionError,2026-05-06T00:40:44.915024+00:00
cifar100_2024,CIFAR100_resnet_large.onnx+CIFAR100_resnet_large_prop_idx_8502_sidx_2893_eps_0.0039.vnnlib,NOT_APPLICABLE,4.16,100,0.0,gurobi,,,0.001,0,load_onnx_network AssertionError: AssertionError,2026-05-06T00:40:53.160834+00:00
cifar100_2024,CIFAR100_resnet_large.onnx+CIFAR100_resnet_large_prop_idx_3143_sidx_9413_eps_0.0039.vnnlib,NOT_APPLICABLE,4.14,100,0.0,gurobi,,,0.001,0,load_onnx_network AssertionError: AssertionError,2026-05-06T00:41:01.230955+00:00
cifar100_2024,CIFAR100_resnet_large.onnx+CIFAR100_resnet_large_prop_idx_656_sidx_2209_eps_0.0039.vnnlib,NOT_APPLICABLE,4.21,100,0.0,gurobi,,,0.001,0,load_onnx_network AssertionError: AssertionError,2026-05-06T00:41:09.399046+00:00
cifar100_2024,CIFAR100_resnet_large.onnx+CIFAR100_resnet_large_prop_idx_4322_sidx_9995_eps_0.0039.vnnlib,NOT_APPLICABLE,4.14,100,0.0,gurobi,,,0.001,0,load_onnx_network AssertionError: AssertionError,2026-05-06T00:41:17.470566+00:00
cifar100_2024,CIFAR100_resnet_large.onnx+CIFAR100_resnet_large_prop_idx_5804_sidx_1885_eps_0.0039.vnnlib,NOT_APPLICABLE,4.16,100,0.0,gurobi,,,0.001,0,load_onnx_network AssertionError: AssertionError,2026-05-06T00:41:25.565267+00:00
cifar100_2024,CIFAR100_resnet_large.onnx+CIFAR100_resnet_large_prop_idx_2630_sidx_1753_eps_0.0039.vnnlib,NOT_APPLICABLE,4.38,100,0.0,gurobi,,,0.001,0,load_onnx_network AssertionError: AssertionError,2026-05-06T00:41:34.013161+00:00
cifar100_2024,CIFAR100_resnet_large.onnx+CIFAR100_resnet_large_prop_idx_2461_sidx_2912_eps_0.0039.vnnlib,NOT_APPLICABLE,4.11,100,0.0,gurobi,,,0.001,0,load_onnx_network AssertionError: AssertionError,2026-05-06T00:41:42.243706+00:00
cifar100_2024,CIFAR100_resnet_large.onnx+CIFAR100_resnet_large_prop_idx_4486_sidx_8828_eps_0.0039.vnnlib,NOT_APPLICABLE,4.39,100,0.0,gurobi,,,0.001,0,load_onnx_network AssertionError: AssertionError,2026-05-06T00:41:50.564915+00:00
cifar100_2024,CIFAR100_resnet_large.onnx+CIFAR100_resnet_large_prop_idx_5810_sidx_7106_eps_0.0039.vnnlib,NOT_APPLICABLE,4.11,100,0.0,gurobi,,,0.001,0,load_onnx_network AssertionError: AssertionError,2026-05-06T00:41:58.594947+00:00
cifar100_2024,CIFAR100_resnet_large.onnx+CIFAR100_resnet_large_prop_idx_6343_sidx_1886_eps_0.0039.vnnlib,NOT_APPLICABLE,4.15,100,0.0,gurobi,,,0.001,0,load_onnx_network AssertionError: AssertionError,2026-05-06T00:42:06.687200+00:00
cifar100_2024,CIFAR100_resnet_large.onnx+CIFAR100_resnet_large_prop_idx_9640_sidx_7273_eps_0.0039.vnnlib,NOT_APPLICABLE,4.15,100,0.0,gurobi,,,0.001,0,load_onnx_network AssertionError: AssertionError,2026-05-06T00:42:14.769962+00:00
cifar100_2024,CIFAR100_resnet_large.onnx+CIFAR100_resnet_large_prop_idx_5522_sidx_5863_eps_0.0039.vnnlib,NOT_APPLICABLE,4.10,100,0.0,gurobi,,,0.001,0,load_onnx_network AssertionError: AssertionError,2026-05-06T00:42:22.813728+00:00
cifar100_2024,CIFAR100_resnet_large.onnx+CIFAR100_resnet_large_prop_idx_9460_sidx_4347_eps_0.0039.vnnlib,NOT_APPLICABLE,4.10,100,0.0,gurobi,,,0.001,0,load_onnx_network AssertionError: AssertionError,2026-05-06T00:42:30.850018+00:00
cifar100_2024,CIFAR100_resnet_large.onnx+CIFAR100_resnet_large_prop_idx_8865_sidx_700_eps_0.0039.vnnlib,NOT_APPLICABLE,4.12,100,0.0,gurobi,,,0.001,0,load_onnx_network AssertionError: AssertionError,2026-05-06T00:42:38.916814+00:00
cifar100_2024,CIFAR100_resnet_large.onnx+CIFAR100_resnet_large_prop_idx_8395_sidx_8915_eps_0.0039.vnnlib,NOT_APPLICABLE,4.14,100,0.0,gurobi,,,0.001,0,load_onnx_network AssertionError: AssertionError,2026-05-06T00:42:46.999524+00:00
cifar100_2024,CIFAR100_resnet_large.onnx+CIFAR100_resnet_large_prop_idx_9883_sidx_7162_eps_0.0039.vnnlib,NOT_APPLICABLE,4.14,100,0.0,gurobi,,,0.001,0,load_onnx_network AssertionError: AssertionError,2026-05-06T00:42:55.080702+00:00
cifar100_2024,CIFAR100_resnet_large.onnx+CIFAR100_resnet_large_prop_idx_3573_sidx_2903_eps_0.0039.vnnlib,NOT_APPLICABLE,4.15,100,0.0,gurobi,,,0.001,0,load_onnx_network AssertionError: AssertionError,2026-05-06T00:43:03.164028+00:00
cifar100_2024,CIFAR100_resnet_large.onnx+CIFAR100_resnet_large_prop_idx_6418_sidx_7923_eps_0.0039.vnnlib,NOT_APPLICABLE,4.14,100,0.0,gurobi,,,0.001,0,load_onnx_network AssertionError: AssertionError,2026-05-06T00:43:11.241668+00:00
cifar100_2024,CIFAR100_resnet_large.onnx+CIFAR100_resnet_large_prop_idx_2668_sidx_2652_eps_0.0039.vnnlib,NOT_APPLICABLE,4.14,100,0.0,gurobi,,,0.001,0,load_onnx_network AssertionError: AssertionError,2026-05-06T00:43:19.313230+00:00
cifar100_2024,CIFAR100_resnet_large.onnx+CIFAR100_resnet_large_prop_idx_1216_sidx_6431_eps_0.0039.vnnlib,NOT_APPLICABLE,4.15,100,0.0,gurobi,,,0.001,0,load_onnx_network AssertionError: AssertionError,2026-05-06T00:43:27.395672+00:00
cifar100_2024,CIFAR100_resnet_large.onnx+CIFAR100_resnet_large_prop_idx_6583_sidx_8860_eps_0.0039.vnnlib,NOT_APPLICABLE,4.32,100,0.0,gurobi,,,0.001,0,load_onnx_network AssertionError: AssertionError,2026-05-06T00:43:35.784676+00:00
cifar100_2024,CIFAR100_resnet_large.onnx+CIFAR100_resnet_large_prop_idx_5546_sidx_4338_eps_0.0039.vnnlib,NOT_APPLICABLE,4.11,100,0.0,gurobi,,,0.001,0,load_onnx_network AssertionError: AssertionError,2026-05-06T00:43:43.932891+00:00
cifar100_2024,CIFAR100_resnet_large.onnx+CIFAR100_resnet_large_prop_idx_9845_sidx_200_eps_0.0039.vnnlib,NOT_APPLICABLE,4.15,100,0.0,gurobi,,,0.001,0,load_onnx_network AssertionError: AssertionError,2026-05-06T00:43:52.015413+00:00
cifar100_2024,CIFAR100_resnet_large.onnx+CIFAR100_resnet_large_prop_idx_8012_sidx_5910_eps_0.0039.vnnlib,NOT_APPLICABLE,4.13,100,0.0,gurobi,,,0.001,0,load_onnx_network AssertionError: AssertionError,2026-05-06T00:44:00.084224+00:00
cifar100_2024,CIFAR100_resnet_large.onnx+CIFAR100_resnet_large_prop_idx_7884_sidx_6926_eps_0.0039.vnnlib,NOT_APPLICABLE,4.15,100,0.0,gurobi,,,0.001,0,load_onnx_network AssertionError: AssertionError,2026-05-06T00:44:08.178802+00:00
cifar100_2024,CIFAR100_resnet_large.onnx+CIFAR100_resnet_large_prop_idx_8381_sidx_4474_eps_0.0039.vnnlib,NOT_APPLICABLE,4.41,100,0.0,gurobi,,,0.001,0,load_onnx_network AssertionError: AssertionError,2026-05-06T00:44:16.696747+00:00
cifar100_2024,CIFAR100_resnet_large.onnx+CIFAR100_resnet_large_prop_idx_483_sidx_7371_eps_0.0039.vnnlib,NOT_APPLICABLE,4.16,100,0.0,gurobi,,,0.001,0,load_onnx_network AssertionError: AssertionError,2026-05-06T00:44:24.899063+00:00
cifar100_2024,CIFAR100_resnet_large.onnx+CIFAR100_resnet_large_prop_idx_7640_sidx_9025_eps_0.0039.vnnlib,NOT_APPLICABLE,4.14,100,0.0,gurobi,,,0.001,0,load_onnx_network AssertionError: AssertionError,2026-05-06T00:44:32.982519+00:00
cifar100_2024,CIFAR100_resnet_large.onnx+CIFAR100_resnet_large_prop_idx_5230_sidx_242_eps_0.0039.vnnlib,NOT_APPLICABLE,4.14,100,0.0,gurobi,,,0.001,0,load_onnx_network AssertionError: AssertionError,2026-05-06T00:44:41.053683+00:00
cifar100_2024,CIFAR100_resnet_large.onnx+CIFAR100_resnet_large_prop_idx_9476_sidx_5602_eps_0.0039.vnnlib,NOT_APPLICABLE,4.15,100,0.0,gurobi,,,0.001,0,load_onnx_network AssertionError: AssertionError,2026-05-06T00:44:49.143717+00:00
cifar100_2024,CIFAR100_resnet_large.onnx+CIFAR100_resnet_large_prop_idx_7866_sidx_7980_eps_0.0039.vnnlib,NOT_APPLICABLE,4.16,100,0.0,gurobi,,,0.001,0,load_onnx_network AssertionError: AssertionError,2026-05-06T00:44:57.240671+00:00
cifar100_2024,CIFAR100_resnet_large.onnx+CIFAR100_resnet_large_prop_idx_7436_sidx_5742_eps_0.0039.vnnlib,NOT_APPLICABLE,4.24,100,0.0,gurobi,,,0.001,0,load_onnx_network AssertionError: AssertionError,2026-05-06T00:45:05.421535+00:00
cifar100_2024,CIFAR100_resnet_large.onnx+CIFAR100_resnet_large_prop_idx_2624_sidx_917_eps_0.0039.vnnlib,NOT_APPLICABLE,4.25,100,0.0,gurobi,,,0.001,0,load_onnx_network AssertionError: AssertionError,2026-05-06T00:45:13.786818+00:00
cifar100_2024,CIFAR100_resnet_large.onnx+CIFAR100_resnet_large_prop_idx_1241_sidx_5679_eps_0.0039.vnnlib,NOT_APPLICABLE,4.10,100,0.0,gurobi,,,0.001,0,load_onnx_network AssertionError: AssertionError,2026-05-06T00:45:21.931205+00:00
cifar100_2024,CIFAR100_resnet_large.onnx+CIFAR100_resnet_large_prop_idx_3812_sidx_8477_eps_0.0039.vnnlib,NOT_APPLICABLE,4.42,100,0.0,gurobi,,,0.001,0,load_onnx_network AssertionError: AssertionError,2026-05-06T00:45:30.287282+00:00
cifar100_2024,CIFAR100_resnet_large.onnx+CIFAR100_resnet_large_prop_idx_9372_sidx_3515_eps_0.0039.vnnlib,NOT_APPLICABLE,4.16,100,0.0,gurobi,,,0.001,0,load_onnx_network AssertionError: AssertionError,2026-05-06T00:45:38.382835+00:00
cifar100_2024,CIFAR100_resnet_large.onnx+CIFAR100_resnet_large_prop_idx_1590_sidx_2858_eps_0.0039.vnnlib,NOT_APPLICABLE,4.23,100,0.0,gurobi,,,0.001,0,load_onnx_network AssertionError: AssertionError,2026-05-06T00:45:46.621719+00:00
cifar100_2024,CIFAR100_resnet_large.onnx+CIFAR100_resnet_large_prop_idx_6337_sidx_2381_eps_0.0039.vnnlib,NOT_APPLICABLE,4.23,100,0.0,gurobi,,,0.001,0,load_onnx_network AssertionError: AssertionError,2026-05-06T00:45:55.068814+00:00
cifar100_2024,CIFAR100_resnet_large.onnx+CIFAR100_resnet_large_prop_idx_6757_sidx_2400_eps_0.0039.vnnlib,NOT_APPLICABLE,4.17,100,0.0,gurobi,,,0.001,0,load_onnx_network AssertionError: AssertionError,2026-05-06T00:46:03.277208+00:00
